time,seconds_elapsed,mslAltitudeAccuracy,bearingAccuracy,speedAccuracy,verticalAccuracy,horizontalAccuracy,speed,altitudeAboveMeanSeaLevel,bearing,altitude,longitude,latitude,x_m,y_m,z_m
1790881234290000000,0.170999755859375,,0,0,36.92034912109375,33.15299987792969,0,,0,2.4000000953674316,-123.1023732,49.2694791,0.000000,0.000000,0.000000
1790881239920865000,5.801864990234375,,0,0.18074624240398407,36.948486328125,16.408000946044922,0,,0,2.4000000953674316,-123.1020486,49.2694171,23.533554,-6.888882,0.000000
1790881240919906300,6.80090625,,0,0.2785455882549286,5.235628604888916,13.45300006866455,0,,0,28.83538818359375,-123.1024476,49.2692137,-5.394012,-29.488859,26.435388
1790881241920346400,7.801346435546875,,0,0.07070648670196533,36.649879455566406,17.924999237060547,0,,0,2.4000000953674316,-123.1024918,49.2692813,-8.598520,-21.977756,0.000000
1790881242920228900,8.801228759765625,,0,0.07071594893932343,36.65637969970703,19.301000595092773,0,,0,2.4000000953674316,-123.102507,49.2693331,-9.700522,-16.222206,0.000000
1790881243919787500,9.80078759765625,,0,0.07065685838460922,36.66287612915039,19.430999755859375,0,,0,2.4000000953674316,-123.1025415,49.2693543,-12.201778,-13.866653,0.000000
1790881244919683800,10.800683837890626,,0,0.04233546182513237,23.033361434936523,22.975000381469727,0.028894919902086258,,0,5.5,-123.1024754,49.2694438,-7.409517,-3.922218,3.100000
1790881245919808800,11.800808837890624,,0,0.04164788872003555,23.040246963500977,26.202999114990234,0.02950175479054451,,0,5.5,-123.1025004,49.2694282,-9.222021,-5.655550,3.100000
1790881246919664400,12.800664306640625,,0,0.047482654452323914,23.046972274780273,29.785999298095703,0.037971820682287216,,0,5.5,-123.1025208,49.2694147,-10.701025,-7.155548,3.100000
1790881247920375000,13.801375,,0,0.05254051461815834,23.05356788635254,31.493000030517578,0.049102962017059326,,0,5.5,-123.1025411,49.2694069,-12.172778,-8.022214,3.100000
1790881248919634200,14.80063427734375,,0,0.05526905134320259,23.0600643157959,30.729999542236328,0.05404610559344292,,0,5.5,-123.1025558,49.269402,-13.238531,-8.566658,3.100000
1790881249919886300,15.80088623046875,,0,0.06321476399898529,23.06640625,29.913000106811523,0.0613592229783535,,0,5.5,-123.102725,49.2693532,-25.505559,-13.988875,3.100000
1790881250920405800,16.80140576171875,,0,0.06682509928941727,23.072750091552734,26.226999282836914,0.07015922665596008,,0,5.5,-123.1028502,49.2693411,-34.582580,-15.333318,3.100000
1790881251919611600,17.800611572265623,,0,0.0682685598731041,23.07924461364746,23.777000427246094,0.07149937748908997,,0,5.5,-123.1028885,49.2693349,-37.359336,-16.022206,3.100000
1790881252851821300,18.7328212890625,,0,0.06541287899017334,10.4888334274292,21.63599967956543,0.07032299041748047,,0,-11.699999809265137,-123.1029037,49.2693291,-38.461339,-16.666650,-14.100000
1790881252920354800,18.801354736328125,,0,0.06730800122022629,10.489147186279297,19.347000122070312,0.07223454117774963,,0,-11.699999809265137,-123.1028643,49.2693609,-35.604832,-13.133320,-14.100000
1790881253919621000,19.80062109375,,0,0.06889060139656067,10.495640754699707,16.767000198364258,0.07676122337579727,,0,-11.699999809265137,-123.1028939,49.2693417,-37.750837,-15.266651,-14.100000
1790881254919569000,20.80056884765625,,79.85003662109375,0.38247257471084595,10.502137184143066,15.029000282287598,0.4337955117225647,,308.353515625,-11.699999809265137,-123.1029018,49.2693335,-38.323589,-16.177762,-14.100000
1790881255919963600,21.800963623046876,,76.54917907714844,0.26010751724243164,10.508635520935059,12.104999542236328,0.18698076903820038,,330.17236328125,-11.699999809265137,-123.1029054,49.2693342,-38.584589,-16.099984,-14.100000
1790881256919917800,22.800917724609373,,76.12773132324219,0.35793137550354004,10.515130996704102,10.256999969482422,0.32113566994667053,,301.578369140625,-11.699999809265137,-123.1029146,49.2693287,-39.251591,-16.711094,-14.100000
1790881257407704800,23.288704833984376,,63.72883987426758,0.3503679633140564,10.515130996704102,9.647000312805176,0.3045588731765747,,293.2507019042969,-11.699999809265137,-123.1029282,49.2693239,-40.237593,-17.244427,-14.100000
1790881257920417800,23.801417724609376,,68.72173309326172,0.24898846447467804,10.521632194519043,8.175999641418457,0.16196730732917786,,297.8292236328125,-11.699999809265137,-123.1029219,49.2693277,-39.780842,-16.822205,-14.100000
1790881258920340200,24.80134033203125,,66.00641632080078,0.2109229415655136,10.528130531311035,7.491000175476074,0.13468562066555023,,291.361083984375,-11.699999809265137,-123.1029238,49.2693268,-39.918592,-16.922205,-14.100000
1790881259920280300,25.8012802734375,,63.803070068359375,0.1750902384519577,10.534626007080078,7.138000011444092,0.11924091726541519,,286.64703369140625,-11.699999809265137,-123.1029308,49.2693269,-40.426094,-16.911094,-14.100000
1790881260920184600,26.8011845703125,,56.67343521118164,0.14859983325004578,10.541125297546387,6.809000015258789,0.10672492533922195,,270.4104919433594,-11.699999809265137,-123.1029327,49.2693296,-40.563844,-16.611094,-14.100000
1790881261301401600,27.182401611328125,,45.78928756713867,0.1480628252029419,12.393669128417969,6.623000144958496,0.11149398237466812,,263.846923828125,2.4000000953674316,-123.1029413,49.2693268,-41.187345,-16.922205,0.000000
1790881261920135400,27.801135498046875,,0,0.129851296544075,12.408763885498047,6.427000045776367,0.09963373839855194,,0,2.4000000953674316,-123.1029343,49.2693306,-40.679844,-16.499983,0.000000
1790881262920103400,28.801103515625,,0,0.11826114356517792,12.395204544067383,6.5,0.09441059827804565,,0,2.4000000953674316,-123.1029351,49.2693327,-40.737844,-16.266650,0.000000
1790881263920042000,29.8010419921875,,0,0.11114057153463364,12.386693954467773,6.334000110626221,0.09132014960050583,,0,2.4000000953674316,-123.1029356,49.2693336,-40.774094,-16.166650,0.000000
1790881264919811600,30.8008115234375,,0,0.09867289662361145,12.363704681396484,6.261000156402588,0.084581658244133,,0,2.4000000953674316,-123.1029313,49.2693367,-40.462344,-15.822206,0.000000
1790881265919695600,31.800695556640626,,0,0.08837952464818954,12.337847709655762,6.322999954223633,0.07964172214269638,,0,2.4000000953674316,-123.1029233,49.2693423,-39.882342,-15.199985,0.000000
1790881266919618600,32.80061865234375,,0,0.08171027153730392,12.317480087280273,6.406000137329102,0.08177388459444046,,0,2.4000000953674316,-123.1029157,49.2693475,-39.331341,-14.622208,0.000000
1790881267919618600,33.80061865234375,,0,0.07646558433771133,12.321224212646484,6.506999969482422,0.07871267199516296,,0,2.4000000953674316,-123.1029151,49.2693474,-39.287841,-14.633319,0.000000
